invoice_number,job_card_number,description,quantity,unit_price,amount,unit_cost,gst,hours_worked,note,job_card_note,item_code,gst_free,product_type,bundle_parent_item_code,is_bom_parent,estimated_hours,ordering,subtotal,cost_including_tax,dont_update_quantity,requires_serial_number,customer_source,state,suburb,postcode,make,model,build_date,body_type,product_description,brand,product_group_name,product_supplier
50015,50015,"General Consumables - (Template Material, Buckles, Webbing etc)",1.0,5.0,5.5,0.0,0.5,,,,CON-GEN,,W,CON-GEN,,,0.0,5.0,0.0,false,,Google,NSW,Royal Exchange,1225,,,,,"General Consumables - (Template Material, Buckles, Webbing etc)",,,
50016,50016,Sunbrella Waterproof Canvas 155cm,9.0,110.0,1089.0,0.0,99.0,,,,SUN-HT-150,,S,SUN-HT-150,,,1000000.0,990.0,0.0,false,,,,,,,,,,Sunbrella Waterproof Canvas 155cm,Sunbrella,,Nolan Group
50016,50016,"General Consumables - (Template Material, Buckles, Webbing etc)",1.0,110.0,121.0,0.0,11.0,,,,CON-GEN,,W,CON-GEN,,,2000000.0,110.0,0.0,false,,,,,,,,,,"General Consumables - (Template Material, Buckles, Webbing etc)",,,
50016,50016,Shop Labour Rate,10.0,190.0,2090.0,0.0,190.0,,,,LAB,,J,LAB,,,0.0,1900.0,0.0,false,,,,,,,,,,Shop Labour Rate,,,
50017,50017,Mates Rates Thank You Discount :-),1.0,-1200.0,-1320.0,0.0,-120.0,,"","",DIS,,X,11% REFERAL DIS -,,,3000000.0,-1200.0,0.0,false,false,Referral,NSW,East Gosford,2250,,,,,Mates Rates - Thank You Discount :-),,,
50017,50017,Shop Labour Rate (Hr),14.0,190.0,2926.0,0.0,266.0,,,,LAB,,J,LAB,,,0.0,2660.0,0.0,false,,Referral,NSW,East Gosford,2250,,,,,Shop Labour Rate,,,
50017,50017,"General Consumables - (Template Material, Buckles, Webbing etc)",1.0,180.0,198.0,0.0,18.0,,,,CON-GEN,,W,CON-GEN,,,2000000.0,180.0,0.0,false,,Referral,NSW,East Gosford,2250,,,,,"General Consumables - (Template Material, Buckles, Webbing etc)",,,
50017,50017,Sunbrella Waterproof Canvas 155cm,15.0,110.0,1815.0,0.0,165.0,,,,SUN-HT-150,,S,SUN-HT-150,,,1000000.0,1650.0,0.0,false,,Referral,NSW,East Gosford,2250,,,,,Sunbrella Waterproof Canvas 155cm,Sunbrella,,Nolan Group
50018,50018,Sunbrella Waterproof Canvas (Navy Blue),30.0,110.0,3630.0,0.0,330.0,,,,SUN-HT-150,,S,SUN-HT-150,,,6000000.0,3300.0,0.0,false,,Referral,,,,Barvaria,"",,Yacht,Sunbrella Waterproof Canvas 155cm,Sunbrella,,Nolan Group
50018,50018,"4 Bow Bimini 1/14"" & 2 Bow Dodger 1"" - Marine Grade Stainless Steel",1.0,5800.0,6380.0,0.0,580.0,,"","",METAL WORK,,S,METAL WORK,,,3000000.0,5800.0,0.0,false,false,Referral,,,,Barvaria,"",,Yacht,"4 Bow Bimini 1/14"" & 2 Bow Dodger 1"" - Marine Grade Stainless Steel",,,
50018,50018,"General Consumables - (Template Material, Buckles, Webbing etc)",0.0,0.0,0.0,0.0,0.0,,,,CON-GEN,,W,CON-GEN,,,2000000.0,0.0,0.0,false,,Referral,,,,Barvaria,"",,Yacht,"General Consumables - (Template Material, Buckles, Webbing etc)",,,
50018,50018,"General Consumables - (Template Material, Buckles, Webbing etc)",1.0,380.0,418.0,0.0,38.0,,,,CON-GEN,,W,CON-GEN,,,7000000.0,380.0,0.0,false,,Referral,,,,Barvaria,"",,Yacht,"General Consumables - (Template Material, Buckles, Webbing etc)",,,
50018,50018,"Metal Work Consumables (Deck Fittings, Bow Ends, Split Knuckles ect)",1.0,580.0,638.0,0.0,58.0,,,,CON-GEN,,W,CON-GEN,,,4000000.0,580.0,0.0,false,,Referral,,,,Barvaria,"",,Yacht,"General Consumables - (Template Material, Buckles, Webbing etc)",,,
50018,50018,Continental Roll Clears,4.0,212.0,932.8,0.0,84.8,,"","",CNT-CLEAR,,S,CNT-CLEAR,,,8000000.0,848.0,0.0,false,false,Referral,,,,Barvaria,"",,Yacht,Continental Roll Clears,,,
50018,50018,Stamoid Top 260cm - White,0.0,0.0,0.0,0.0,0.0,,,,STM-WHITE,,S,STM-WHITE,,,1000000.0,0.0,0.0,false,,Referral,,,,Barvaria,"",,Yacht,Stamoid Top 260cm - White,Serge Ferrari,,
50018,50018,"Deck Mounted Rib Cover, Measure, Make and Fit",0.0,0.0,0.0,0.0,0.0,,,,LAB,,J,LAB,,,0.0,0.0,0.0,false,,Referral,,,,Barvaria,"",,Yacht,Shop Labour Rate,,,
50018,50018,"Bimini, Dodger and Link Sheet, Measure, Make and Fit",52.0,144.0,8236.8,0.0,748.8,,,,LAB,,J,LAB,,,5000000.0,7488.0,0.0,false,,Referral,,,,Barvaria,"",,Yacht,Shop Labour Rate,,,
50019,50019,Shop Labour Rate,8.0,140.0,1232.0,0.0,112.0,,,,LAB,,J,LAB,,,0.0,1120.0,0.0,,,,,,,Launch,,,Sedan,Shop Labour Rate,,,
50019,50019,"General Consumables - (Template Material, Buckles, Webbing, Zippersetc)",1.0,32.0,35.2,0.0,3.2,,,,CON-GEN,,W,CON-GEN,,,3000000.0,32.0,0.0,,,,,,,Launch,,,Sedan,"General Consumables - (Template Material, Buckles, Webbing etc)",,,
50019,50019,Mesh Backing,3.0,50.0,165.0,30.0,15.0,,,,MESH,,S,MESH,,,2000000.0,150.0,33.0,,,,,,,Launch,,,Sedan,,,,Nolan Group
50019,50019,Sunbrella Furniture Canvas,6.0,58.0,382.8,0.0,34.8,,,,SUN-HT-150,,S,SUN-HT-150,,,1000000.0,348.0,0.0,,,,,,,Launch,,,Sedan,Sunbrella Waterproof Canvas 155cm,Sunbrella,,Nolan Group
50020,50020,"General Consumables - (Template Material, Buckles, Webbing etc)",1.0,1.0,1.1,0.0,0.1,,,,CON-GEN,,W,CON-GEN,,,0.0,1.0,0.0,false,,Google,NSW,Royal Exchange,1225,,,,,"General Consumables - (Template Material, Buckles, Webbing etc)",,,
50024,50024,Deposit 1 for Job ID 50018,1.0,5000.0,5000.0,0.0,0.0,,,,DEPOSIT,true,S,DEPOSIT,,,0.0,5000.0,0.0,true,,Referral,,,,,,,,Deposit,,,
50026,50026,"General Consumables - (Template Material, Buckles, Webbing etc)",1.0,1.0,1.1,0.0,0.1,,,,CON-GEN,,W,CON-GEN,,,0.0,1.0,0.0,false,,Google,NSW,Royal Exchange,1225,,,,,"General Consumables - (Template Material, Buckles, Webbing etc)",,,
50027,50027,Remainder of deposit for Job 50018,1.0,5000.0,5000.0,0.0,0.0,,,,DEPOSIT,true,S,DEPOSIT,,,0.0,5000.0,0.0,true,,Referral,,,,,,,,Deposit,,,
50029,50029,Sunbrella Waterproof Canvas 155cm,2.0,110.0,242.0,0.0,22.0,,,,SUN-HT-150,,S,SUN-HT-150,,,1000000.0,220.0,0.0,false,,Referral,,,,,,,,Sunbrella Waterproof Canvas 155cm,Sunbrella,,Nolan Group
50029,50029,Mesh,5.0,70.0,385.0,30.0,35.0,,,,MESH,,S,MESH,,,0.0,350.0,33.0,false,,Referral,,,,,,,,,,,Nolan Group
50029,50029,Shop Labour Rate,15.0,144.0,2376.0,0.0,216.0,,,,LAB,,J,LAB,,,2000000.0,2160.0,0.0,false,,Referral,,,,,,,,Shop Labour Rate,,,
50029,50029,"General Consumables - (Template Material, Buckles, Webbing etc)",1.0,294.0,323.4,0.0,29.4,,,,CON-GEN,,W,CON-GEN,,,3000000.0,294.0,0.0,false,,Referral,,,,,,,,"General Consumables - (Template Material, Buckles, Webbing etc)",,,
50030,50030,"Reminder and final invoice of Job 50018 (Bimini, Dodger, Boat Cover & Link Sheet)",1.0,9305.09,10235.6,0.0,930.51,,,,REMAINDER,false,J,REMAINDER,,,0.0,9305.09,0.0,false,,Referral,,,,,,,,,,,
50031,50031,"General Consumables - (Template Material, Buckles, Webbing etc)",1.0,1.0,1.1,0.0,0.1,,,,CON-GEN,,W,CON-GEN,,,0.0,1.0,0.0,false,,Google,NSW,Royal Exchange,1225,,,,,"General Consumables - (Template Material, Buckles, Webbing etc)",,,
50033,50033,Cushion Recover (material supplied),4.0,300.0,1320.0,0.0,120.0,,,,LAB,,J,LAB,,,0.0,1200.0,0.0,false,,,,,,,,,,Shop Labour Rate,,,
50033,50033,"General Consumables - (Template Material, Mesh, Buckles, Webbing etc)",4.0,50.0,220.0,0.0,20.0,,,,CON-GEN,,W,CON-GEN,,,1000000.0,200.0,0.0,false,,,,,,,,,,"General Consumables - (Template Material, Buckles, Webbing etc)",,,
50034,50034,Sunbrella Waterproof Canvas 155cm,2.0,110.0,242.0,0.0,22.0,,,,SUN-HT-150,,S,SUN-HT-150,,,1000000.0,220.0,0.0,false,,Referral,,,,,,,,Sunbrella Waterproof Canvas 155cm,Sunbrella,,Nolan Group
50034,50034,"General Consumables - (Template Material, Buckles, Webbing etc)",1.0,294.0,323.4,0.0,29.4,,,,CON-GEN,,W,CON-GEN,,,3000000.0,294.0,0.0,false,,Referral,,,,,,,,"General Consumables - (Template Material, Buckles, Webbing etc)",,,
50034,50034,,5.0,70.0,385.0,30.0,35.0,,,,MESH,,S,MESH,,,0.0,350.0,33.0,false,,Referral,,,,,,,,,,,Nolan Group
50034,50034,Shop Labour Rate,15.0,144.0,2376.0,0.0,216.0,,,,LAB,,J,LAB,,,2000000.0,2160.0,0.0,false,,Referral,,,,,,,,Shop Labour Rate,,,
50035,50035,Stamoid Dual 260cm - Grey,3.0,150.0,495.0,85.0,45.0,,,,STM-GREY,,S,STM-GREY,,,1000000.0,450.0,93.5,false,,Website,NSW,Coal Point,2283,,,,Sedan,Stamoid Dual 260cm - Grey,,,
50035,50035,"General Consumables - (Template Material, Buckles, Webbing etc)",1.0,120.0,132.0,0.0,12.0,,,,CON-GEN,,W,CON-GEN,,,2000000.0,120.0,0.0,false,,Website,NSW,Coal Point,2283,,,,Sedan,"General Consumables - (Template Material, Buckles, Webbing etc)",,,
50035,50035,Shop Labour Rate,3.5,144.0,554.4,0.0,50.4,,,,LAB,,J,LAB,,,0.0,504.0,0.0,false,,Website,NSW,Coal Point,2283,,,,Sedan,Shop Labour Rate,,,
50037,50037,"General Consumables - (Template Material, Buckles, Webbing etc)",1.0,60.0,66.0,0.0,6.0,,,,CON-GEN,,W,CON-GEN,,,1000000.0,60.0,0.0,false,,Website,NSW,Coal Point,2283,,,,Sedan,"General Consumables - (Template Material, Buckles, Webbing etc)",,,
50037,50037,"Boom Cover - Strengthened all corners and clip straps, patched all holes + Fixed rope bag",5.5,144.0,871.2,0.0,79.2,,,,LAB,,J,LAB,,,0.0,792.0,0.0,false,,Website,NSW,Coal Point,2283,,,,Sedan,Shop Labour Rate,,,
50038,50038,"Remove solar panels, remove and dispose old Bimini, check frame and fasteners, pattern new Bimini",4.0,144.0,633.6,0.0,57.6,,,,LAB,,J,LAB,,,0.0,576.0,0.0,false,,,NSW,"",2282,,,,,Shop Labour Rate,,,
50038,50038,"General Consumables - (Template Material, Buckles, Webbing etc)",1.0,72.0,79.2,0.0,7.2,,,,CON-GEN,,W,CON-GEN,,,3000000.0,72.0,0.0,false,,,NSW,"",2282,,,,,"General Consumables - (Template Material, Buckles, Webbing etc)",,,
50038,50038,Sunbrella Waterproof Canvas 155cm,6.0,110.0,726.0,0.0,66.0,,,,SUN-HT-150,,S,SUN-HT-150,,,2000000.0,660.0,0.0,false,,,NSW,"",2282,,,,,Sunbrella Waterproof Canvas 155cm,Sunbrella,,Nolan Group
50038,50038,"Install new Bimini, install solar panels",4.0,144.0,633.6,0.0,57.6,,,,LAB,,J,LAB,,,4000000.0,576.0,0.0,false,,,NSW,"",2282,,,,,Shop Labour Rate,,,
50038,50038,See new Bimini,8.0,144.0,1267.2,0.0,115.2,,,,LAB,,J,LAB,,,1000000.0,1152.0,0.0,false,,,NSW,"",2282,,,,,Shop Labour Rate,,,
50041,50041,"General Consumables - (Template Material, Buckles, Webbing etc)",1.0,0.1,0.11,0.0,0.01,,,,CON-GEN,,W,CON-GEN,,,0.0,0.1,0.0,false,,,,,,,,,,"General Consumables - (Template Material, Buckles, Webbing etc)",,,
50042,50042,"General Consumables - (Template Material, Buckles, Webbing etc)",1.0,0.9,0.99,0.0,0.09,,,,CON-GEN,,W,CON-GEN,,,0.0,0.9,0.0,false,,,,,,,,,,"General Consumables - (Template Material, Buckles, Webbing etc)",,,
50043,50043,Deposit / Insurance Excess Quote/Job 50038 - Wave Dancer Bimini,1.0,1000.0,1000.0,0.0,0.0,,,,DEPOSIT,true,S,DEPOSIT,,,0.0,1000.0,0.0,true,,,NSW,"",2282,,,,,Deposit,,,
50044,50044,Side Covers - Remove/Template/Make/Install - Sunbrella Black,2.0,400.0,880.0,0.0,80.0,,,,CON-GEN,,W,CON-GEN,,,3000000.0,800.0,0.0,false,,,NSW,Mayfield,2304,,,,Pontoon,"General Consumables - (Template Material, Buckles, Webbing etc)",,,
50044,50044,Bimini Cover - Remove/Template/Make/Install - Sunbrella Black,1.0,850.0,935.0,0.0,85.0,,,,CON-GEN,,W,CON-GEN,,,0.0,850.0,0.0,false,,,NSW,Mayfield,2304,,,,Pontoon,"General Consumables - (Template Material, Buckles, Webbing etc)",,,
50044,50044,Link Sheet - Remove/Template/Make/Install - Sunbrella Black,1.0,400.0,440.0,0.0,40.0,,,,CON-GEN,,W,CON-GEN,,,1000000.0,400.0,0.0,false,,,NSW,Mayfield,2304,,,,Pontoon,"General Consumables - (Template Material, Buckles, Webbing etc)",,,
50044,50044,Dodger - Remove/Template/Make/Install - Sunbrella Black,1.0,2500.0,2750.0,0.0,250.0,,,,CON-GEN,,W,CON-GEN,,,2000000.0,2500.0,0.0,false,,,NSW,Mayfield,2304,,,,Pontoon,"General Consumables - (Template Material, Buckles, Webbing etc)",,,
50044,50044,Rail Dodgers - Remove/Template/Make/Install - Sunbrella Black,2.0,200.0,440.0,0.0,40.0,,,,CON-GEN,,W,CON-GEN,,,4000000.0,400.0,0.0,false,,,NSW,Mayfield,2304,,,,Pontoon,"General Consumables - (Template Material, Buckles, Webbing etc)",,,
50044,50044,Helm Cover - Remove/Template/Make/Install - Sunbrella Black,1.0,900.0,990.0,0.0,90.0,,,,CON-GEN,,W,CON-GEN,,,5000000.0,900.0,0.0,false,,,NSW,Mayfield,2304,,,,Pontoon,"General Consumables - (Template Material, Buckles, Webbing etc)",,,
50044,50044,Cushions - Remove/Template/Recover/Install - Sunbrella Beige & White Stripes + Mesh Back,5.0,250.0,1375.0,0.0,125.0,,,,CON-GEN,,W,CON-GEN,,,6000000.0,1250.0,0.0,false,,,NSW,Mayfield,2304,,,,Pontoon,"General Consumables - (Template Material, Buckles, Webbing etc)",,,
50046,50046,"Deposit for Quote#50044 - Blue Yonder Bimini, Dodger & Cushions",1.0,2645.45,2910.0,0.0,264.55,,,,DEPOSIT,false,S,DEPOSIT,,,0.0,2645.45,0.0,true,,,NSW,Mayfield,2304,,,,,Deposit,,,
50047,50047,"Pattern, make & fit Mesh Covers with sailtrack in Soltis Perform 92 - Anthracite 92-2047",1.0,4163.7,4580.07,0.0,416.37,,,,CON-GEN,,W,CON-GEN,,,0.0,4163.7,0.0,false,,,NSW,Kirribilli,2061,,,,,"General Consumables - (Template Material, Buckles, Webbing etc)",,,
50047,50047,"Pattern, make & fit WeatherMax Covers",1.0,1855.0,2040.5,0.0,185.5,,,,CON-GEN,,W,CON-GEN,,,1000000.0,1855.0,0.0,false,,,NSW,Kirribilli,2061,,,,,"General Consumables - (Template Material, Buckles, Webbing etc)",,,
50048,50048,"General Consumables - (Template Material, Buckles, Webbing etc)",1.0,1.0,1.1,0.0,0.1,,,,CON-GEN,,W,CON-GEN,,,0.0,1.0,0.0,false,,,,,,,,,,"General Consumables - (Template Material, Buckles, Webbing etc)",,,
50049,50049,"General Consumables - (Template Material, Buckles, Webbing etc)",1.0,1.0,1.1,0.0,0.1,,,,CON-GEN,,W,CON-GEN,,,0.0,1.0,0.0,false,,,,,,,,,,"General Consumables - (Template Material, Buckles, Webbing etc)",,,
50052,50052,Template and recover & fit saloon cushions,1.0,1650.0,1815.0,0.0,165.0,,,,CON-GEN,,W,CON-GEN,,,0.0,1650.0,0.0,false,,,NSW,Wickham,2293,Barvaria,38,,Sedan,"General Consumables - (Template Material, Buckles, Webbing etc)",,,
50053,50053,Hatch Covers,2.0,70.0,154.0,0.0,14.0,,,,CON-GEN,,W,CON-GEN,,,0.0,140.0,0.0,false,,,NSW,Mayfield,2304,,,,,"General Consumables - (Template Material, Buckles, Webbing etc)",,,
50054,50054,"Material & General Consumables - (Template Material, Buckles, Webbing etc)",1.0,880.0,968.0,0.0,88.0,,,,CON-GEN,,W,CON-GEN,,,1000000.0,880.0,0.0,false,,,NSW,Kirribilli,2061,,,,,"General Consumables - (Template Material, Buckles, Webbing etc)",,,
50054,50054,"Template, make and fit Bimini",19.0,110.0,2299.0,0.0,209.0,,,,LAB,,J,LAB,,,0.0,2090.0,0.0,false,,,NSW,Kirribilli,2061,,,,,Shop Labour Rate,,,
50055,50055,Shop Labour Rate,7.5,0.0,0.0,0.0,0.0,,,,LAB,,J,LAB,,,2000000.0,0.0,0.0,false,,,NSW,Wickham,2293,Travel Lift,,,Sedan,Shop Labour Rate,,,
50055,50055,Marine Carpet,6.0,59.0,389.4,0.0,35.4,,,,CON-GEN,,W,CON-GEN,,,0.0,354.0,0.0,false,,,NSW,Wickham,2293,Travel Lift,,,Sedan,"General Consumables - (Template Material, Buckles, Webbing etc)",,,
50055,50055,"General Consumables - (Template Material, Buckles, Webbing etc)",1.0,99.0,108.9,0.0,9.9,,,,CON-GEN,,W,CON-GEN,,,1000000.0,99.0,0.0,false,,,NSW,Wickham,2293,Travel Lift,,,Sedan,"General Consumables - (Template Material, Buckles, Webbing etc)",,,
50056,50056,Shop Labour Rate,1.0,130.0,143.0,0.0,13.0,,,,LAB,,J,LAB,,,1.0,130.0,0.0,,,,NSW,North Shore,2444,"","","",Yacht,Shop Labour Rate,,,
50056,50056,"General Consumables - (Template Material, Buckles, Webbing etc)",1.0,23.0,25.3,0.0,2.3,,,,CON-GEN,,W,CON-GEN,,,2.0,23.0,0.0,,,,NSW,North Shore,2444,"","","",Yacht,"General Consumables - (Template Material, Buckles, Webbing etc)",,,
50057,50057,"General Consumables - (Template Material, Buckles, Webbing etc)",1.0,1.0,1.1,0.0,0.1,,,,CON-GEN,,W,CON-GEN,,,1.0,1.0,0.0,,,Google,NSW,Royal Exchange,1225,Dancraft,1800,,Power Boat,"General Consumables - (Template Material, Buckles, Webbing etc)",,,
50058,50058,Shop Labour Rate,1.0,1.0,1.1,0.0,0.1,,,,LAB,,J,LAB,,,0.0,1.0,0.0,,,,,,,,,,,Shop Labour Rate,,,
50059,50059,"General Consumables - (Template Material, Buckles, Webbing etc)",1.0,1.0,1.1,0.0,0.1,,,,CON-GEN,,W,CON-GEN,,,1.0,1.0,0.0,,,,,,,,,,,"General Consumables - (Template Material, Buckles, Webbing etc)",,,
50060,50060,10 x Blue Vinyl Cushions,10.0,250.0,2750.0,0.0,250.0,,,,CON-GEN,,W,CON-GEN,,,0.0,2500.0,0.0,false,,,NSW,Toronto ,"",,,,,"General Consumables - (Template Material, Buckles, Webbing etc)",,,
50061,50061,Recover extra seat,1.0,250.0,275.0,0.0,25.0,,,,CON-GEN,,W,CON-GEN,,,1000000.0,250.0,0.0,false,,,"",Marmong,"",,,,,"General Consumables - (Template Material, Buckles, Webbing etc)",,,
50061,50061,Recover Dinette  in Novatex Vinyl,1.0,4545.0,4999.5,0.0,454.5,,,,CON-GEN,,W,CON-GEN,,,0.0,4545.0,0.0,false,,,"",Marmong,"",,,,,"General Consumables - (Template Material, Buckles, Webbing etc)",,,
50062,50062,Helm Seat,1.0,500.0,550.0,0.0,50.0,,,,CON-GEN,,W,CON-GEN,,,1000000.0,500.0,0.0,false,,,NSW,Toronto ,"",,,,,"General Consumables - (Template Material, Buckles, Webbing etc)",,,
50062,50062,Cushions,2.0,400.0,880.0,0.0,80.0,,,,CON-GEN,,W,CON-GEN,,,0.0,800.0,0.0,false,,,NSW,Toronto ,"",,,,,"General Consumables - (Template Material, Buckles, Webbing etc)",,,
50064,50064,Fitted Sheets with shock chord,4.0,100.0,440.0,0.0,40.0,,,,CON-GEN,,W,CON-GEN,,,0.0,400.0,0.0,false,,,NSW,Wickham,2293,,,,,"General Consumables - (Template Material, Buckles, Webbing etc)",,,
50064,50064,Press Studs & Stud bases for cushions,1.0,50.0,55.0,0.0,5.0,,,,CON-GEN,,W,CON-GEN,,,1000000.0,50.0,0.0,false,,,NSW,Wickham,2293,,,,,"General Consumables - (Template Material, Buckles, Webbing etc)",,,
50065,50065,2 x Canvas Side Covers + 2 Cushions,1.0,1000.0,1100.0,0.0,100.0,,,,CON-GEN,,W,CON-GEN,,,0.0,1000.0,0.0,false,,,NSW,Mayfield,2304,,,,,"General Consumables - (Template Material, Buckles, Webbing etc)",,,
50067,50067,Deposit For Bimini and Awning,1.0,4685.0,5153.5,0.0,468.5,,,,CON-GEN,,W,CON-GEN,,,0.0,4685.0,0.0,false,,,NSW,Belmont north,"",,,,,"General Consumables - (Template Material, Buckles, Webbing etc)",,,
50068,50068,Recover Massage Bench,1.0,550.0,605.0,0.0,55.0,,,,CON-GEN,,W,CON-GEN,,,0.0,550.0,0.0,false,,,NSW,Cooranbong ,2265,,,,,"General Consumables - (Template Material, Buckles, Webbing etc)",,,
50070,50070,Remainder for Bimini & Awning,1.0,4685.0,5153.5,0.0,468.5,,,,CON-GEN,,W,CON-GEN,,,0.0,4685.0,0.0,false,,,NSW,Belmont north,"",,,,,"General Consumables - (Template Material, Buckles, Webbing etc)",,,
50071,50071,Drinks cart canvas tops,1.0,825.0,907.5,0.0,82.5,,,,CON-GEN,,W,CON-GEN,,,0.0,825.0,0.0,false,,,NSW,Argenton,2284,,,,,"General Consumables - (Template Material, Buckles, Webbing etc)",,,
50072,50072,"5 white cushions with blue & grey stripes, 1 padded panel with stripes to match cushions",1.0,3000.0,3300.0,0.0,300.0,,,,CON-GEN,,W,CON-GEN,,,0.0,3000.0,0.0,false,,,NSW,Toronto ,"",,,,,"General Consumables - (Template Material, Buckles, Webbing etc)",,,
50074,50074,Orange Bimini and Black Sock,1.0,1500.0,1650.0,0.0,150.0,,,,CON-GEN,,W,CON-GEN,,,0.0,1500.0,0.0,false,,,NSW,Kilaben Bay ,"",,,,,"General Consumables - (Template Material, Buckles, Webbing etc)",,,
50075,50075,Recover Caravan Cushions x 2,1.0,800.0,880.0,0.0,80.0,,,,CON-GEN,,W,CON-GEN,,,0.0,800.0,0.0,false,,,NSW,Wangi  Wangi ,"",,,,,"General Consumables - (Template Material, Buckles, Webbing etc)",,,
50079,50079,Cover V birth cushions Material Provided,3.5,125.0,481.25,0.0,43.75,,,,LAB,,J,LAB,,,1000000.0,437.5,0.0,false,,,NSW,Toronto ,"",,,,,Shop Labour Rate,,,
50079,50079,Mesh & Zips,1.0,80.0,88.0,0.0,8.0,,,,CON-GEN,,W,CON-GEN,,,0.0,80.0,0.0,false,,,NSW,Toronto ,"",,,,,"General Consumables - (Template Material, Buckles, Webbing etc)",,,
50083,50083,Caravan Awning Repairs,1.0,700.0,770.0,0.0,70.0,,,,CON-GEN,,W,CON-GEN,,,0.0,700.0,0.0,false,,,NSW,Toronto ,"",,,,,"General Consumables - (Template Material, Buckles, Webbing etc)",,,
50086,50086,New zip in clear,1.0,200.0,220.0,0.0,20.0,,,,CON-GEN,,W,CON-GEN,,,0.0,200.0,0.0,false,,,"","","",,,,,"General Consumables - (Template Material, Buckles, Webbing etc)",,,
50090,50090,"50% Deposit for Job 50089, Office cushions, back rests and wall panels",1.0,3420.0,3762.0,0.0,342.0,,,,CON-GEN,,W,CON-GEN,,,0.0,3420.0,0.0,false,,,NSW,Greenacre,2190,,,,,"General Consumables - (Template Material, Buckles, Webbing etc)",,,
50092,50092,Repairs to Bimini,1.0,250.0,275.0,0.0,25.0,,,,CON-GEN,,W,CON-GEN,,,0.0,250.0,0.0,false,,,NSW,Marks point,"",,,,,"General Consumables - (Template Material, Buckles, Webbing etc)",,,
50093,50093,"50% deposit for Quote 50091, Reskin Bimini, with 1 new bow and back cover",1.0,1472.5,1619.75,0.0,147.25,,,,CON-GEN,,W,CON-GEN,,,0.0,1472.5,0.0,false,,,NSW,Belmont ,"",,,,,"General Consumables - (Template Material, Buckles, Webbing etc)",,,
50094,50094,5 x hatch covers and a helm/table cover,1.0,1100.0,1210.0,0.0,110.0,,,,LAB,,J,LAB,,,3000000.0,1100.0,0.0,false,,,NSW,Belmont ,"",,,,,Shop Labour Rate,,,
50094,50094,50% Remainder,1.0,1472.5,1619.75,0.0,147.25,,,,REMAINDER,false,J,REMAINDER,,,1000000.0,1472.5,0.0,false,,,NSW,Belmont ,"",,,,,,,,
50094,50094,Frame modifications,3.5,125.0,481.25,0.0,43.75,,,,LAB,,J,LAB,,,2000000.0,437.5,0.0,false,,,NSW,Belmont ,"",,,,,Shop Labour Rate,,,
50094,50094,Hinged Nuckle,1.0,42.0,46.2,0.0,4.2,,,,CON-GEN,,W,CON-GEN,,,0.0,42.0,0.0,false,,,NSW,Belmont ,"",,,,,"General Consumables - (Template Material, Buckles, Webbing etc)",,,
50095,50095,"50% Deposit for Estimate 50085, - Custom 2 bow dodger and frame, measure, make and install & Sail/boom bag",1.0,4147.5,4562.25,0.0,414.75,,,,CON-GEN,,W,CON-GEN,,,0.0,4147.5,0.0,false,,,NSW,Toronto,2283,,,,,"General Consumables - (Template Material, Buckles, Webbing etc)",,,
50097,50097,"50% Deposit for Quote 50087, Recover cushions & new foam where needed & Template & Make new covers",1.0,4750.0,5225.0,0.0,475.0,,,,CON-GEN,,W,CON-GEN,,,0.0,4750.0,0.0,false,,,NSW,Kotara,,,,,,"General Consumables - (Template Material, Buckles, Webbing etc)",,,
50098,50098,"Remainder for JPb 50085, - Custom 2 bow dodger and frame, measure, make and install & Sail/boom bag",1.0,4147.5,4562.25,0.0,414.75,,,,LAB,,J,LAB,,,0.0,4147.5,0.0,false,,,NSW,Toronto,2283,,,,,Shop Labour Rate,,,
50101,50101,Shop Labour Rate,1.5,125.0,206.25,0.0,18.75,,,,LAB,,J,LAB,,,0.0,187.5,0.0,false,,,NSW,Toronto ,"",,,,,Shop Labour Rate,,,
50101,50101,Press studs,1.0,25.0,27.5,0.0,2.5,,,,CON-GEN,,W,CON-GEN,,,1000000.0,25.0,0.0,false,,,NSW,Toronto ,"",,,,,"General Consumables - (Template Material, Buckles, Webbing etc)",,,
50106,50106,"50% Deposit for quote number 50104 - Recover cushions, backrests and panels. Approx. 26 pieces in total",1.0,7500.0,8250.0,0.0,750.0,,,,CON-GEN,,W,CON-GEN,,,0.0,7500.0,0.0,false,,,NSW,Tea Gardens ,2324,,,,,"General Consumables - (Template Material, Buckles, Webbing etc)",,,
50112,50112,Recover Bench Seat,1.0,1000.0,1100.0,0.0,100.0,,,,LAB,,J,LAB,,,0.0,1000.0,0.0,false,,,NSW,Fletcher,2287,,,,,Shop Labour Rate,,,
50114,50114,Final payment for office cushions (Job 50089),1.0,3420.0,3762.0,0.0,342.0,,,,LAB,,J,LAB,,,0.0,3420.0,0.0,false,,,NSW,Greenacre,2190,,,,,Shop Labour Rate,,,
50117,50117,50% Remainder for Cushions & Covers (Job 50097),1.0,4750.0,5225.0,0.0,475.0,,,,LAB,,J,LAB,,,0.0,4750.0,0.0,false,,,NSW,Kotara,,,,,,Shop Labour Rate,,,
50118,50118,Car Cushion Trimming,1.0,1250.0,1375.0,0.0,125.0,,,,CON-GEN,,W,CON-GEN,,,0.0,1250.0,0.0,false,,,NSW,Mayfield,2291,,,,,"General Consumables - (Template Material, Buckles, Webbing etc)",,,
50121,50121,Replacement Stainless 316 Bolts,1.0,129.0,141.9,0.0,12.9,,,,CON-GEN,,W,CON-GEN,,,1000000.0,129.0,0.0,false,,,NSW,Tea Gardens ,2324,,,,,"General Consumables - (Template Material, Buckles, Webbing etc)",,,
50121,50121,Remainder for quote 50104,1.0,7500.0,8250.0,0.0,750.0,,,,LAB,,J,LAB,,,0.0,7500.0,0.0,false,,,NSW,Tea Gardens ,2324,,,,,Shop Labour Rate,,,
50121,50121,Replacing bolts in backs,3.8,125.0,522.5,0.0,47.5,,,,LAB,,J,LAB,,,2000000.0,475.0,0.0,false,,,NSW,Tea Gardens ,2324,,,,,Shop Labour Rate,,,
50122,50122,Machine Covers,1.0,3052.0,3357.2,0.0,305.2,,,,LAB,,J,LAB,,,0.0,3052.0,0.0,false,,,NSW,Wickham,2293,,,,,Shop Labour Rate,,,
50123,50123,2 Zips in front & 2 new side clears replacing 1 zip on port side (+$30),1.0,1530.0,1683.0,0.0,153.0,,,,CON-GEN,,W,CON-GEN,,,0.0,1530.0,0.0,false,,,NSW,Wangi Wangi ,"",,,,,"General Consumables - (Template Material, Buckles, Webbing etc)",,,
50127,50127,50% Deposit for Deck Cover Quote 50125,1.0,2500.0,2750.0,0.0,250.0,,,,DEPOSIT,false,S,DEPOSIT,,,0.0,2500.0,0.0,true,,Website,NSW,Coal Point,2283,,,,,Deposit,,,
50128,50128,VW Carpet fitted,1.0,316.25,347.875,0.0,31.625,,,,LAB,,J,LAB,,,0.0,316.25,0.0,false,,,NSW,Toronto ,2283,Vw,Transporter,"",Other,Shop Labour Rate,,,
50129,50129,3 meters of material,1.0,240.0,264.0,0.0,24.0,,,,CON-GEN,,W,CON-GEN,,,0.0,240.0,0.0,false,,,NSW,Rathmines ,"",,,,,"General Consumables - (Template Material, Buckles, Webbing etc)",,,
50129,50129,Covers for aeroplane seats,6.5,125.0,893.75,0.0,81.25,,,,LAB,,J,LAB,,,1000000.0,812.5,0.0,false,,,NSW,Rathmines ,"",,,,,Shop Labour Rate,,,
50132,50132,Split large cushion,3.0,125.0,412.5,0.0,37.5,,,,LAB,,J,LAB,,,1000000.0,375.0,0.0,false,,,NSW,Mayfield,2291,,,,,Shop Labour Rate,,,
50132,50132,Remainder form original cushions,1.0,1681.81,1849.991,0.0,168.181,,,,LAB,,J,LAB,,,0.0,1681.81,0.0,false,,,NSW,Mayfield,2291,,,,,Shop Labour Rate,,,
50138,50138,50% Deposit For Quote 50126 (Engine Cover & Reach Bench Seat Base),1.0,1115.0,1226.5,0.0,111.5,,,,LAB,,J,LAB,,,0.0,1115.0,0.0,false,,,NSW,Wangi,2267,,,,,Shop Labour Rate,,,
50140,50140,1 hour extra for rear awning zips,1.0,125.0,137.5,0.0,12.5,,,,LAB,,J,LAB,,,1000000.0,125.0,0.0,false,,,NSW,Fishing Point ,"",,,,,Shop Labour Rate,,,
50140,50140,"Remainder for New canvas top aft of targa with new zip on back for future cover, zip on new solar panel (provided by the customer). New front and side clears.",1.0,1635.0,1798.5,0.0,163.5,,,,LAB,,J,LAB,,,0.0,1635.0,0.0,false,,,NSW,Fishing Point ,"",,,,,Shop Labour Rate,,,
50140,50140,3 x Zips for rear awning,1.0,78.0,85.8,0.0,7.8,,,,CON-GEN,,W,CON-GEN,,,2000000.0,78.0,0.0,false,,,NSW,Fishing Point ,"",,,,,"General Consumables - (Template Material, Buckles, Webbing etc)",,,
50141,50141,50% Reminder for weathermax cover,1.0,2500.0,2750.0,0.0,250.0,,,,LAB,,J,LAB,,,0.0,2500.0,0.0,false,,Website,NSW,Coal Point,2283,,,,,Shop Labour Rate,,,
50143,50143,"50% Deposit booked in for Quote 50142 - Measure & Supply Deck cover made from weatherMAX. This price is including socks, over winches and grinders. Mounting with shock cord and hooks around stanchions.",1.0,3270.0,3597.0,0.0,327.0,,,,DEPOSIT,false,S,DEPOSIT,,,0.0,3270.0,0.0,true,,,NSW,Wellington point,"",,,,,Deposit,,,
50144,50144,"50% Deposit for Quote 50140 - New canvas top aft of targa with new zip on back for future cover, zip on new solar panel (provided by the customer). New front and side clears.",1.0,1635.0,1798.5,0.0,163.5,,,,DEPOSIT,false,S,DEPOSIT,,,0.0,1635.0,0.0,true,,,NSW,Fishing Point ,"",,,,,Deposit,,,
50145,50145,Extra 3 hours for rebuilding seat base + new marine ply (Foam included F.O.C),1.0,350.0,385.0,0.0,35.0,,,,LAB,,J,LAB,,,1000000.0,350.0,0.0,false,,,NSW,Wangi,2267,,,,,Shop Labour Rate,,,
50145,50145,50% Remainder from quote 50126,1.0,1115.0,1226.5,0.0,111.5,,,,LAB,,J,LAB,,,0.0,1115.0,0.0,false,,,NSW,Wangi,2267,,,,,Shop Labour Rate,,,
50146,50146,"Final Invoice - Replace V-Birth Cushions, New 100mmm Foam, Cover in Sunbrella Heritage Slate, Recover 2 side panels",1.0,1200.0,1320.0,0.0,120.0,,,,LAB,,J,LAB,,,0.0,1200.0,0.0,false,,,NSW,Buttaba ,2283,,,,,Shop Labour Rate,,,
50147,50147,50% Deposit for Quote 50146 - V Birth Cushions and Side Panels,1.0,1200.0,1320.0,0.0,120.0,,,,DEPOSIT,false,S,DEPOSIT,,,0.0,1200.0,0.0,true,,,NSW,Buttaba ,2283,,,,,Deposit,,,
50148,50148,"Final Invoice - Measure, fit and install new Bimini, front and side clears. Made with black canvas and sheet clear.",1.0,2055.0,2260.5,0.0,205.5,,,,LAB,,J,LAB,,,0.0,2055.0,0.0,false,,,NSW,Westdale ,2340,,,,,Shop Labour Rate,,,
50149,50149,Upgraded stainless buckles and webbing and rigging covers,1.0,331.5,364.65,0.0,33.15,,,,CON-GEN,,W,CON-GEN,,,1000000.0,331.5,0.0,false,,,NSW,Wellington point,"",,,,,"General Consumables - (Template Material, Buckles, Webbing etc)",,,
50149,50149,Remainder for Quote 50142 - Measure & Supply Deck cover made from weatherMAX.,1.0,3270.0,3597.0,0.0,327.0,,,,LAB,,J,LAB,,,0.0,3270.0,0.0,false,,,NSW,Wellington point,"",,,,,Shop Labour Rate,,,
50150,50150,Recover cushion in grey and white vinyl.,3.0,400.0,1320.0,0.0,120.0,,,,LAB,,J,LAB,,,0.0,1200.0,0.0,false,,,"",Floraville ,"",,,,,Shop Labour Rate,,,
50151,50151,Extra SS fittings for stabalisation,1.0,101.2,111.32,0.0,10.12,,,,CON-GEN,,W,CON-GEN,,,1000000.0,101.2,0.0,false,,,NSW,Summer hill,2130,,,,,"General Consumables - (Template Material, Buckles, Webbing etc)",,,
50151,50151,Camping Sides & Adjustments As Discussed With Ricko,7.0,125.0,962.5,0.0,87.5,,,,LAB,,J,LAB,,,2000000.0,875.0,0.0,false,,,NSW,Summer hill,2130,,,,,Shop Labour Rate,,,
50151,50151,"50% Remainder for - 2 new bows for existing bimini ,will be a 4 bow bimini . Cover in canvas with viewing window or windows.",1.0,2065.0,2271.5,0.0,206.5,,,,LAB,,J,LAB,,,0.0,2065.0,0.0,false,,,NSW,Summer hill,2130,,,,,Shop Labour Rate,,,
50152,50152,"Deposit for quote #50148 - Measure, fit and install new Bimini, front and side clears. Made with black canvas and sheet clear.",1.0,2055.0,2260.5,0.0,205.5,,,,DEPOSIT,false,S,DEPOSIT,,,0.0,2055.0,0.0,true,,,NSW,Westdale ,2340,,,,,Deposit,,,
50153,50153,"Deposit for quote #50151 - 2 new bows for existing bimini ,will be a 4 bow bimini . Cover in canvas with viewing window or windows.",1.0,2065.0,2271.5,0.0,206.5,,,,DEPOSIT,false,S,DEPOSIT,,,0.0,2065.0,0.0,true,,,NSW,Summer hill,2130,,,,,Deposit,,,
50155,50155,Cover 2 cushions,2.0,125.0,275.0,0.0,25.0,,,,LAB,,J,LAB,,,0.0,250.0,0.0,false,,,NSW,Blackalls park,"",,,,,Shop Labour Rate,,,
50157,50157,Cover 2 base cushions with vinyl provided by customer,2.5,125.0,343.75,0.0,31.25,,,,LAB,,J,LAB,,,0.0,312.5,0.0,false,,,NSW,Wickham,"",,,,,Shop Labour Rate,,,
50159,50159,"Make Rudder / tiller covers from weatherMAX, padded with 1/2"" foam both sides and lined",4.0,125.0,550.0,0.0,50.0,,,,LAB,,J,LAB,,,0.0,500.0,0.0,false,,,NSW,Wellington point,"",,,,,Shop Labour Rate,,,
50159,50159,Materials,1.0,100.0,110.0,0.0,10.0,,,,CON-GEN,,W,CON-GEN,,,1000000.0,100.0,0.0,false,,,NSW,Wellington point,"",,,,,"General Consumables - (Template Material, Buckles, Webbing etc)",,,
50162,50162,"Modify windscreen cove off old cover. Patch old fittings holes,cut 4 rectangular holes, back and binding, soft material strip's and new fittings",3.0,125.0,412.5,0.0,37.5,,,,LAB,,J,LAB,,,0.0,375.0,0.0,false,,,NSW,Wickham,"",,,,,Shop Labour Rate,,,
50165,50165,Materials deposit for awning,1.0,1000.0,1100.0,0.0,100.0,,,,DEPOSIT,false,S,DEPOSIT,,,0.0,1000.0,0.0,true,,,NSW,Morisset Park,2264,,,,,Deposit,,,
50166,50166,Instrument & Compass Cover for Joe's boat,1.0,300.0,330.0,0.0,30.0,,,,LAB,,J,LAB,,,0.0,300.0,0.0,false,,,NSW,Wickham,2293,,,,,Shop Labour Rate,,,
50167,50167,"3 x Cushions, Measured, Made and Fitted/Mounted",9.5,125.0,1306.25,0.0,118.75,,,,LAB,,J,LAB,,,0.0,1187.5,0.0,false,,,NSW,Toronto,2283,,,,,Shop Labour Rate,,,
50167,50167,Some extra ply for wall mount + consumables F.O.C,1.0,0.0,0.0,0.0,0.0,,,,CON-GEN,,W,CON-GEN,,,3000000.0,0.0,0.0,false,,,NSW,Toronto,2283,,,,,"General Consumables - (Template Material, Buckles, Webbing etc)",,,
50167,50167,1 Sheet 12mm Marine Ply + Delivery,1.0,127.0,139.7,0.0,12.7,,,,CON-GEN,,W,CON-GEN,,,2000000.0,127.0,0.0,false,,,NSW,Toronto,2283,,,,,"General Consumables - (Template Material, Buckles, Webbing etc)",,,
50167,50167,4m + Delivery,1.0,157.06,172.766,0.0,15.706,,,,VINYL - MARINE,,S,VINYL - MARINE,,,1000000.0,157.06,0.0,false,,,NSW,Toronto,2283,,,,,Front Seats Marine Vinyl (Colour finish TBC),,,
50168,50168,labour for Awning (Material already paid),20.0,125.0,2750.0,0.0,250.0,,,,LAB,,J,LAB,,,0.0,2500.0,0.0,false,,,NSW,Morisset Park,2264,,,,,Shop Labour Rate,,,
50168,50168,Trampoline Re-stitching,2.0,125.0,275.0,0.0,25.0,,,,LAB,,J,LAB,,,1000000.0,250.0,0.0,false,,,NSW,Morisset Park,2264,,,,,Shop Labour Rate,,,
50170,50170,"Boom Bag, measure, make install inclusive of canavas",24.0,125.0,3300.0,0.0,300.0,,,,LAB,,J,LAB,,,0.0,3000.0,0.0,false,,,NSW,Morisset Park,2264,,,,,Shop Labour Rate,,,
50171,50171,50% Deposit for recovering lounge in microsuede. Colour /ead. Cut main cushion into 2.,1.0,1000.0,1100.0,0.0,100.0,,,,DEPOSIT,false,S,DEPOSIT,,,0.0,1000.0,0.0,true,,,NSW,Morisset Park,2264,,,,,Deposit,,,
50172,50172,Lounges in Macro Suede - Cut base cushions and cover all cushions.,1.0,1000.0,1100.0,0.0,100.0,,,,DEPOSIT,false,S,DEPOSIT,,,0.0,1000.0,0.0,true,,,NSW,Morisset Park,2264,,,,,Deposit,,,
50174,50174,"General Consumables - (Template Material, Buckles, Webbing etc)",1.0,1200.0,1320.0,0.0,120.0,,,,CON-GEN,,W,CON-GEN,,,0.0,1200.0,0.0,false,,,NSW,Cessnock ,"",,,,,"General Consumables - (Template Material, Buckles, Webbing etc)",,,
50175,50175,"50% Deposit for Estimate #50173 - All discussed clears replaced, dodger, sides and back. Mounting with sail track, some fly screen panels incorporated.",1.0,3250.0,3575.0,0.0,325.0,,,,DEPOSIT,false,S,DEPOSIT,,,0.0,3250.0,0.0,true,,,NSW,Newcastle ,"",,,,,Deposit,,,
50176,50176,50% Remainder for cushions,1.0,1000.0,1100.0,0.0,100.0,,,,LAB,,J,LAB,,,0.0,1000.0,0.0,false,,,NSW,Morisset Park,2264,,,,,Shop Labour Rate,,,
50177,50177,50% Remainder - Dinghy cover made with Stamoid with aluminium pole,1.0,325.0,357.5,0.0,32.5,,,,LAB,,J,LAB,,,1000000.0,325.0,0.0,false,,,NSW,Fishing point,"",,,,,Shop Labour Rate,,,
50177,50177,"50% Remainder - Flybridge Clears using RollGlass Plus. Clears Front, Rear, Sides and rail Dodger. All four clears have u shape windows with rollup straps.",1.0,4150.0,4565.0,0.0,415.0,,,,LAB,,J,LAB,,,0.0,4150.0,0.0,false,,,NSW,Fishing point,"",,,,,Shop Labour Rate,,,
50178,50178,50% Deposit for Estimate 50177. (Flybridge Clears & Dinghy Cover),1.0,4475.0,4922.5,0.0,447.5,,,,DEPOSIT,false,S,DEPOSIT,,,0.0,4475.0,0.0,true,,,NSW,Fishing point,"",,,,,Deposit,,,
50180,50180,Remainder for Macrosuede cushions,1.0,2500.0,2750.0,0.0,250.0,,,,LAB,,J,LAB,,,0.0,2500.0,0.0,false,,,NSW,Morisset Park,2264,,,,,Shop Labour Rate,,,
50182,50182,"50% Deposit for Estimate #50179 - Includes Front and rear clears. Side clear new zips. New Helm cover, Recover 4 cushions, Helm seat covers, Window mesh covers",1.0,3850.0,4235.0,0.0,385.0,,,,DEPOSIT,false,S,DEPOSIT,,,0.0,3850.0,0.0,true,,,NSW,Marmong ,"",,,,,Deposit,,,
50184,50184,Recover cushion in black vinyl,1.0,500.0,550.0,0.0,50.0,,,,LAB,,J,LAB,,,0.0,500.0,0.0,false,,,NSW,Swansea,2281,,,,,Shop Labour Rate,,,
50185,50185,"Speed boat cover repair, x 2 darts, 10x canvas patches, adjustments to make tighter",3.5,125.0,481.25,0.0,43.75,,,,LAB,,J,LAB,,,0.0,437.5,0.0,false,,,NSW,Cooranbong,2265,,,,,Shop Labour Rate,,,
50185,50185,"General Consumables - (Template Material, Buckles, Webbing etc)",1.0,75.0,82.5,0.0,7.5,,,,CON-GEN,,W,CON-GEN,,,1000000.0,75.0,0.0,false,,,NSW,Cooranbong,2265,,,,,"General Consumables - (Template Material, Buckles, Webbing etc)",,,
50186,50186,Replace rear clear on Jeep,1.0,200.0,220.0,0.0,20.0,,,,LAB,,J,LAB,,,0.0,200.0,0.0,false,,,NSW,Toronto ,"",,,,,Shop Labour Rate,,,
50188,50188,"Deposit for - Quote #50187 - WeatherMax ""All Over"" cover, from booms to lifelines, for ""Freyja"" the sailing ketch.",1.0,2645.0,2909.5,0.0,264.5,,,,DEPOSIT,false,S,DEPOSIT,,,0.0,2645.0,0.0,true,,,NSW,Newcastle ,2300,,,,,Deposit,,,
50190,50190,"50% Deposit for Estimate #50189,  Replace all backing foam and secure all loose/hanging vinyl in forward cabin and cockpit, clean vinyl from previous repairs (if possible)",1.0,2055.0,2260.5,0.0,205.5,,,,DEPOSIT,false,S,DEPOSIT,,,0.0,2055.0,0.0,true,,,NSW,Wangi Wangi,2267,,,,,Deposit,,,
50191,50191,"50% Remainder - Pattern & Make  - WeatherMax ""All Over"" cover, from booms to lifelines, for ""Freyja"" the sailing ketch.",1.0,2645.0,2909.5,0.0,264.5,,,,LAB,,J,LAB,,,0.0,2645.0,0.0,false,,,NSW,Newcastle ,2300,,,,,Shop Labour Rate,,,
50192,50192,Less Deposit,1.0,-2350.0,-2585.0,0.0,-235.0,,,,DEPOSIT,false,S,DEPOSIT,,,2000000.0,-2350.0,0.0,true,,,NSW,Bellevue Hill ,2023,,,,,Deposit,,,
50192,50192,"Pattern & Fit Extended 3 bow Dodger, made with charcoal grey sunbrella, clear panels on each side. No zip in front clear",28.0,125.0,3850.0,0.0,350.0,,,,LAB,,J,LAB,,,0.0,3500.0,0.0,false,,,NSW,Bellevue Hill ,2023,,,,,Shop Labour Rate,,,
50192,50192,"Materials & General Consumables - (Template Material, Buckles, Webbing etc)",1.0,1200.0,1320.0,0.0,120.0,,,,CON-GEN,,W,CON-GEN,,,1000000.0,1200.0,0.0,false,,,NSW,Bellevue Hill ,2023,,,,,"General Consumables - (Template Material, Buckles, Webbing etc)",,,
50193,50193,"Dodger made from WeatherMax light charcoal, as discussed and quoted onboard.",1.0,2000.0,2200.0,0.0,200.0,,,,LAB,,J,LAB,,,0.0,2000.0,0.0,false,,,NSW,Port Jackson ,"",,,,,Shop Labour Rate,,,
50194,50194,"50% Deposit for Quote #50192 - Pattern & Fit Extended 3 bow Dodger, made with charcoal grey sunbrella, clear panels on each side. No zip in front clear.",1.0,2350.0,2585.0,0.0,235.0,,,,DEPOSIT,false,S,DEPOSIT,,,0.0,2350.0,0.0,true,,,NSW,Bellevue Hill ,2023,,,,,Deposit,,,
50196,50196,Repair of boom cover,2.0,125.0,275.0,0.0,25.0,,,,LAB,,J,LAB,,,0.0,250.0,0.0,false,,,NSW,Wickham,2293,,,,,Shop Labour Rate,,,
50197,50197,Materials,1.0,230.0,253.0,0.0,23.0,,,,CON-GEN,,W,CON-GEN,,,1000000.0,230.0,0.0,false,,,NSW,Fishing point,"",,,,,"General Consumables - (Template Material, Buckles, Webbing etc)",,,
50197,50197,Boat Awning,6.5,125.0,893.75,0.0,81.25,,,,LAB,,J,LAB,,,0.0,812.5,0.0,false,,,NSW,Fishing point,"",,,,,Shop Labour Rate,,,
50198,50198,50 x Stainless Lugs on webbing,1.0,25.0,27.5,0.0,2.5,,,,CON-GEN,,W,CON-GEN,,,1000000.0,25.0,0.0,false,,,NSW,Morisset Park,2264,,,,,"General Consumables - (Template Material, Buckles, Webbing etc)",,,
50198,50198,Trampoline Repairs - Restitch weatherMAX border,5.0,125.0,687.5,0.0,62.5,,,,LAB,,J,LAB,,,0.0,625.0,0.0,false,,,NSW,Morisset Park,2264,,,,,Shop Labour Rate,,,
50202,50202,Less Deposit (Inv 50203 Paid),1.0,-3585.0,-3943.5,0.0,-358.5,,,,DEPOSIT,false,S,DEPOSIT,,,2000000.0,-3585.0,0.0,true,,Website,NSW,Coal Point,2283,,,,,Deposit,,,
50202,50202,"Extras - Cut out for cleats x 4, remove & extend webbing on helm cover for press studs extension (no charge for materials here, thank you for your custom)",3.5,125.0,481.25,0.0,43.75,,,,LAB,,J,LAB,,,1000000.0,437.5,0.0,false,,Website,NSW,Coal Point,2283,,,,,Shop Labour Rate,,,
50202,50202,"All over cover for 8m rib centre console. Made from weatherMAX light charcoal, 2 halves zipped together. Shaped to fit over bow,then shock cord with inflatable boat hooks down each side.",1.0,7170.0,7887.0,0.0,717.0,,,,LAB,,J,LAB,,,0.0,7170.0,0.0,false,,Website,NSW,Coal Point,2283,,,,,Shop Labour Rate,,,
50203,50203,50% Deposit for Quote #50202 - Rib Cover in WeatherMax,1.0,3585.0,3943.5,0.0,358.5,,,,DEPOSIT,false,S,DEPOSIT,,,0.0,3585.0,0.0,true,,Website,NSW,Coal Point,2283,,,,,Deposit,,,
50204,50204,Recover chiro bench,1.0,200.0,220.0,0.0,20.0,,,,LAB,,J,LAB,,,0.0,200.0,0.0,false,,,NSW,Coal point,2283,,,,,Shop Labour Rate,,,
50207,50207,Bike seat recover,1.0,300.0,330.0,0.0,30.0,,,,LAB,,J,LAB,,,0.0,300.0,0.0,false,,,NSW,Blackalls Park,2283,,,,,Shop Labour Rate,,,
50209,50209,"50% deposit for Estimate #50206 - Fit existing mesh sides, New side clears, Flybridge Cover modifications",1.0,2775.0,3052.5,0.0,277.5,,,,DEPOSIT,false,S,DEPOSIT,,,0.0,2775.0,0.0,true,,,NSW,Kirribilli,2061,,,,,Deposit,,,
50210,50210,As discussed on-board for clears and replacing stayput fasteners. Zips in clears will be spiral zips,1.0,6500.0,7150.0,0.0,650.0,,,,LAB,,J,LAB,,,0.0,6500.0,0.0,false,,,NSW,Cary bay,2283,,,,,Shop Labour Rate,,,
50210,50210,less 50% Deposit (paid),1.0,-3250.0,-3575.0,0.0,-325.0,,,,DEPOSIT,false,S,DEPOSIT,,,1000000.0,-3250.0,0.0,true,,,NSW,Cary bay,2283,,,,,Deposit,,,
50211,50211,50% Deposit for Estimate #50208 - Rib Chaps Cover,1.0,1375.0,1512.5,0.0,137.5,,,,DEPOSIT,false,S,DEPOSIT,,,0.0,1375.0,0.0,true,,Website,NSW,Coal Point,2283,,,,,Deposit,,,
50212,50212,50% Deposit for estimate #50210 - Houseboat clears,1.0,3250.0,3575.0,0.0,325.0,,,,DEPOSIT,false,S,DEPOSIT,,,0.0,3250.0,0.0,true,,,NSW,Cary bay,2283,,,,,Deposit,,,
50213,50213,Cover V berth cushions in sunbrella savane nimbus. Reusing the back fabric and zips.,2.0,530.0,1166.0,0.0,106.0,,,,LAB,,J,LAB,,,0.0,1060.0,0.0,false,,,NSW,Wangi Wangi ,"",,,,,Shop Labour Rate,,,
50213,50213,Less 50% Deposit (Paid),1.0,-530.0,-583.0,0.0,-53.0,,,,DEPOSIT,false,S,DEPOSIT,,,1000000.0,-530.0,0.0,true,,,NSW,Wangi Wangi ,"",,,,,Deposit,,,
50214,50214,50% Deposit for Estimate #50213 - V berth cushions recover,1.0,530.0,583.0,0.0,53.0,,,,DEPOSIT,false,S,DEPOSIT,,,0.0,530.0,0.0,true,,,NSW,Wangi Wangi ,"",,,,,Deposit,,,
50215,50215,"Make new engine cover / cushion. Made from 18mm marine ply. Using 2"" reticulated foam, with vinyl cover gold and white",1.0,1740.0,1914.0,0.0,174.0,,,,LAB,,J,LAB,,,0.0,1740.0,0.0,false,,,NSW,Rathmines,2283,,,,,Shop Labour Rate,,,
50215,50215,Less 50% Deposit (Paid),1.0,-870.0,-957.0,0.0,-87.0,,,,DEPOSIT,false,S,DEPOSIT,,,1000000.0,-870.0,0.0,true,,,NSW,Rathmines,2283,,,,,Deposit,,,
50216,50216,"Aft cover - batten, zip & rubber seal",1.0,80.0,88.0,0.0,8.0,,,,CON-GEN,,W,CON-GEN,,,4000000.0,80.0,0.0,false,,,NSW,Kirribilli,2061,,,,,"General Consumables - (Template Material, Buckles, Webbing etc)",,,
50216,50216,Aft cover alterations,3.0,125.0,412.5,0.0,37.5,,,,LAB,,J,LAB,,,3000000.0,375.0,0.0,false,,,NSW,Kirribilli,2061,,,,,Shop Labour Rate,,,
50216,50216,Flybridge Cover modifications as discussed over email and confirmed via telephone 27/07/26,1.0,2500.0,2750.0,0.0,250.0,,,,LAB,,J,LAB,,,2000000.0,2500.0,0.0,false,,,NSW,Kirribilli,2061,,,,,Shop Labour Rate,,,
50216,50216,New side clears made from Regalight sheet clear  2 sheets required.To fit on the outside using existing track & stayput fittings.,1.0,2490.0,2739.0,0.0,249.0,,,,LAB,,J,LAB,,,1000000.0,2490.0,0.0,false,,,NSW,Kirribilli,2061,,,,,Shop Labour Rate,,,
50216,50216,Fit existing mesh sides on inside with 3 piece track at the top and press studs bottom and sides.,1.0,560.0,616.0,0.0,56.0,,,,LAB,,J,LAB,,,0.0,560.0,0.0,false,,,NSW,Kirribilli,2061,,,,,Shop Labour Rate,,,
50216,50216,2 x new bimini webbing straps,1.0,40.0,44.0,0.0,4.0,,,,LAB,,J,LAB,,,5000000.0,40.0,0.0,false,,,NSW,Kirribilli,2061,,,,,Shop Labour Rate,,,
50216,50216,Less Deposit,1.0,-2775.0,-3052.5,0.0,-277.5,,,,DEPOSIT,false,S,DEPOSIT,,,6000000.0,-2775.0,0.0,true,,,NSW,Kirribilli,2061,,,,,Deposit,,,
50217,50217,"50% Deposit for Estimate #50215 - new engine cover / cushion. Made from 18mm marine ply. Using 2"" reticulated foam, with vinyl cover gold and white",1.0,870.0,957.0,0.0,87.0,,,,DEPOSIT,false,S,DEPOSIT,,,0.0,870.0,0.0,true,,,NSW,Rathmines,2283,,,,,Deposit,,,
50219,50219,50% Deposit for Estimate #50218 - 3 bow bimini made from stainless steel. Cover made from marine canvas and fitting,1.0,1850.0,2035.0,0.0,185.0,,,,DEPOSIT,false,S,DEPOSIT,,,0.0,1850.0,0.0,true,,,NSW,Kilaben Bay,2283,,,,,Deposit,,,
50220,50220,Chap Style Covers For Rib as Discussed,20.0,125.0,2750.0,0.0,250.0,,,,LAB,,J,LAB,,,0.0,2500.0,0.0,false,,Website,NSW,Coal Point,2283,,,,,Shop Labour Rate,,,
50220,50220,less 50% deposit paid Inv #50211,1.0,-1375.0,-1512.5,0.0,-137.5,,,,DEPOSIT,false,S,DEPOSIT,,,1000000.0,-1375.0,0.0,true,,Website,NSW,Coal Point,2283,,,,,Deposit,,,
50220,50220,Cut around Ski Pole & 8 x Shock Chords,2.0,125.0,275.0,0.0,25.0,,,,LAB,,J,LAB,,,2000000.0,250.0,0.0,false,,Website,NSW,Coal Point,2283,,,,,Shop Labour Rate,,,
,50013,Heather Beige - Sunbrella Waterproof Canvas 155cm,25.0,110.0,2750.0,0.0,250.0,,,,SUN-HT-150,,S,SUN-HT-150,,,0.0,2500.0,0.0,,,,NSW,Toronto,2283,,,,Power Boat,Sunbrella Waterproof Canvas 155cm,Sunbrella,,Nolan Group
,50013,"General Consumables - (Fastners, Buckles, Webbing etc)",1.0,200.0,200.0,0.0,18.18,,,,CON-GEN,,W,CON-GEN,,,2000000.0,181.82,0.0,,,,NSW,Toronto,2283,,,,Power Boat,"General Consumables - (Template Material, Buckles, Webbing etc)",,,
,50013,Pattern Pro Material,25.0,10.0,250.0,3.61,22.73,,,,PAT-PRO,,S,PAT-PRO,,,1000000.0,227.27,3.971,,,,NSW,Toronto,2283,,,,Power Boat,Pattern Pro Material,,,
,50013,Shop Labour Rate,32.0,160.0,5120.0,0.0,465.45,,,,LAB,,J,LAB,,,3000000.0,4654.55,0.0,,,,NSW,Toronto,2283,,,,Power Boat,Shop Labour Rate,,,
,50022,"General Consumables - (Template Material, Buckles, Webbing etc)",1.0,5.0,5.5,0.0,0.5,,,,CON-GEN,,W,CON-GEN,,,1000000.0,5.0,0.0,false,,Google,NSW,Royal Exchange,1225,,,,,"General Consumables - (Template Material, Buckles, Webbing etc)",,,
,50036,Front Seats Reticulated Foam,1.0,160.0,176.0,160.0,16.0,,,,DRICELL RETICULATED FOAM SHEET,,S,DRICELL RETICULATED FOAM SHEET,,,2000000.0,160.0,176.0,false,,,,,,,,,,Front Seats Reticulated Foam,,,
,50036,Rear Seats Marine Vinyl (Colour finish TBC),5.0,90.0,495.0,0.0,45.0,,,,VINYL - MARINE,,S,VINYL - MARINE,,,5000000.0,450.0,0.0,false,,,,,,,,,,Front Seats Marine Vinyl (Colour finish TBC),,,
,50036,"Fitted Boat Cover - General Consumables - (Template Material, Buckles, Webbing etc)",1.0,292.0,321.2,0.0,29.2,,,,CON-GEN,,W,CON-GEN,,,10000000.0,292.0,0.0,false,,,,,,,,,,"General Consumables - (Template Material, Buckles, Webbing etc)",,,
,50036,"Rear Seats General Consumables - (Template Material, Stainless, Webbing etc)",1.0,81.0,89.1,0.0,8.1,,,,CON-GEN,,W,CON-GEN,,,7000000.0,81.0,0.0,false,,,,,,,,,,"General Consumables - (Template Material, Buckles, Webbing etc)",,,
,50036,"Front Seats General Consumables - (Template Material, Stainless Staples, Webbing etc)",1.0,81.0,89.1,0.0,8.1,,,,CON-GEN,,W,CON-GEN,,,3000000.0,81.0,0.0,false,,,,,,,,,,"General Consumables - (Template Material, Buckles, Webbing etc)",,,
,50036,Fitted Boat Cover - Sunbrella Waterproof Canvas 155cm,8.0,93.5,822.8,0.0,74.8,,,,SUN-HT-150,,S,SUN-HT-150,,,9000000.0,748.0,0.0,false,,,,,,,,,,Sunbrella Waterproof Canvas 155cm,Sunbrella,,Nolan Group
,50036,Rear Seats Reticulated Foam,1.0,160.0,176.0,160.0,16.0,,,,DRICELL RETICULATED FOAM SHEET,,S,DRICELL RETICULATED FOAM SHEET,,,6000000.0,160.0,176.0,false,,,,,,,,,,Front Seats Reticulated Foam,,,
,50036,"Front Seats Labour, Using existing Dancraft Pattern (Wood bases supplied)",14.0,144.0,2217.6,0.0,201.6,,,,LAB,,J,LAB,,,0.0,2016.0,0.0,false,,,,,,,,,,Shop Labour Rate,,,
,50036,"Rear Seats Labour, Using existing Dancraft Pattern (Wood bases supplied)",10.0,144.0,1584.0,0.0,144.0,,,,LAB,,J,LAB,,,4000000.0,1440.0,0.0,false,,,,,,,,,,Shop Labour Rate,,,
,50036,Fitted Boat Cover Labour (with Bimini Holes and Ski Pole),16.0,122.4,2154.24,0.0,195.84,,,,LAB,,J,LAB,,,8000000.0,1958.4,0.0,false,,,,,,,,,,Shop Labour Rate,,,
,50036,Front Seats Marine Vinyl (Colour finish TBC),3.0,90.0,297.0,0.0,27.0,,"","",VINYL - MARINE,,S,VINYL - MARINE,,,1000000.0,270.0,0.0,false,false,,,,,,,,,Front Seats Marine Vinyl (Colour finish TBC),,,
,50039,Stamoid Dual 260cm - Grey,4.0,135.0,594.0,85.0,54.0,,,,STM-GREY,,S,STM-GREY,,,1000000.0,540.0,93.5,false,,,,,,,,,,Stamoid Dual 260cm - Grey,,,
,50039,"Pattern, make and fit Dinghy cover",4.0,144.0,633.6,0.0,57.6,,,,LAB,,J,LAB,,,0.0,576.0,0.0,false,,,,,,,,,,Shop Labour Rate,,,
,50039,"General Consumables - (Template Material, Buckles, Webbing, Shockchord)",1.0,52.0,57.2,0.0,5.2,,,,CON-GEN,,W,CON-GEN,,,2000000.0,52.0,0.0,false,,,,,,,,,,"General Consumables - (Template Material, Buckles, Webbing etc)",,,
,50069,"Canvas top for drinks cart, Blue Canvas, White Binding",1.0,825.0,907.5,0.0,82.5,,,,CON-GEN,,W,CON-GEN,,,0.0,825.0,0.0,false,,,NSW,Argenton,2284,,,,,"General Consumables - (Template Material, Buckles, Webbing etc)",,,
,50073,"Replace front clears, keep original canvas, repair Bimini, put zips in pockets, and fill in piece so zips will close. Fix helm seats/headrests.",1.0,2500.0,2750.0,0.0,250.0,,,,CON-GEN,,W,CON-GEN,,,0.0,2500.0,0.0,false,,,NSW,Marmong point ,"",,,,,"General Consumables - (Template Material, Buckles, Webbing etc)",,,
,50076,Repair Caravan Awnings,1.0,700.0,770.0,0.0,70.0,,,,CON-GEN,,W,CON-GEN,,,0.0,700.0,0.0,false,,,NSW,Toronto ,"",,,,,"General Consumables - (Template Material, Buckles, Webbing etc)",,,
,50077,Created On: 2026-01-28T18:07:18+00:00,1.0,0.0,0.0,185288.0,0.0,3705.76,,,LAB,,J,LAB,,,,0.0,185288.0,,,,NSW,Kilaben Bay ,"",,,,,Shop Labour Rate,,,
,50084,"Custom 2 Bow Dodger & Frame - Measure, Supply & Install",1.0,5500.0,6050.0,0.0,550.0,,,,CON-GEN,,W,CON-GEN,,,0.0,5500.0,0.0,false,,,,,,,,,,"General Consumables - (Template Material, Buckles, Webbing etc)",,,
,50085,"Custom 2 bow dodger and frame, measure, make and install",1.0,5500.0,6050.0,0.0,550.0,,,,CON-GEN,,W,CON-GEN,,,0.0,5500.0,0.0,false,,,NSW,Toronto,2283,,,,,"General Consumables - (Template Material, Buckles, Webbing etc)",,,
,50085,Sail/boom bag,1.0,2795.0,3074.5,0.0,279.5,,,,CON-GEN,,W,CON-GEN,,,1000000.0,2795.0,0.0,false,,,NSW,Toronto,2283,,,,,"General Consumables - (Template Material, Buckles, Webbing etc)",,,
,50087,Recover cushions & new foam where needed,1.0,5500.0,6050.0,0.0,550.0,,,,CON-GEN,,W,CON-GEN,,,0.0,5500.0,0.0,false,,,NSW,Kotara,,Searay,195 bowrider,,Other,"General Consumables - (Template Material, Buckles, Webbing etc)",,,
,50087,Template & Make new covers,1.0,4000.0,4400.0,0.0,400.0,,,,CON-GEN,,W,CON-GEN,,,1000000.0,4000.0,0.0,false,,,NSW,Kotara,,Searay,195 bowrider,,Other,"General Consumables - (Template Material, Buckles, Webbing etc)",,,
,50088,"Towable cover, in black canvas.",1.0,2300.0,2530.0,0.0,230.0,,,,CON-GEN,,W,CON-GEN,,,0.0,2300.0,0.0,false,,,NSW,Summerland point,"",,,,,"General Consumables - (Template Material, Buckles, Webbing etc)",,,
,50089,"Office cushions, back rests and wall panel recovering",1.0,6480.0,7128.0,0.0,648.0,,,,CON-GEN,,W,CON-GEN,,,0.0,6480.0,0.0,false,,,NSW,Greenacre,2190,,,,,"General Consumables - (Template Material, Buckles, Webbing etc)",,,
,50091,"Measure, supply and fit - Reskin Bimini, 1 new bow and add new rear drop down",1.0,2945.0,3239.5,0.0,294.5,,,,CON-GEN,,W,CON-GEN,,,0.0,2945.0,0.0,false,,,NSW,Belmont ,"",,,,,"General Consumables - (Template Material, Buckles, Webbing etc)",,,
,50096,"Pattern, make and fit Bimini made from Stamoid top with stainless steel rear stays 1"" tube and all fittings .",1.0,4500.0,4950.0,0.0,450.0,,,,CON-GEN,,W,CON-GEN,,,0.0,4500.0,0.0,false,,,NSW,Marks point,"",,,,,"General Consumables - (Template Material, Buckles, Webbing etc)",,,
,50100,"Pattern, Make & FIT Cover on back of truck. Made from Protec ETS. Ripstop Blue.",1.0,525.0,577.5,0.0,52.5,,,,CON-GEN,,W,CON-GEN,,,0.0,525.0,0.0,false,,,NSW,Toronto ,"",,,,,"General Consumables - (Template Material, Buckles, Webbing etc)",,,
,50102,"Reskin Awning & Bimini using Aquatica white hooding, New clears, front screen with 2 roll ups & 2 side clears with roll ups using Regalite sheet clear.",1.0,11660.0,12826.0,0.0,1166.0,,,,CON-GEN,,W,CON-GEN,,,0.0,11660.0,0.0,false,,,NSW,Balmoral ,"",,,,,"General Consumables - (Template Material, Buckles, Webbing etc)",,,
,50104,"Recover cushions, backrests and panels. Approx. 26 pieces in total",80.0,120.0,10560.0,0.0,960.0,,,,LAB,,J,LAB,,,0.0,9600.0,0.0,false,,,NSW,Tea Gardens ,2324,,,,,Shop Labour Rate,,,
,50104,"Capri Vinyl, webbing and consumables",1.0,5400.0,5940.0,0.0,540.0,,,,CON-GEN,,W,CON-GEN,,,1000000.0,5400.0,0.0,false,,,NSW,Tea Gardens ,2324,,,,,"General Consumables - (Template Material, Buckles, Webbing etc)",,,
,50107,Reskin Bimini & Recover bench seat,1.0,2150.0,2365.0,0.0,215.0,,,,CON-GEN,,W,CON-GEN,,,0.0,2150.0,0.0,false,,,NSW,Quorrbolong,"",,,,,"General Consumables - (Template Material, Buckles, Webbing etc)",,,
,50115,"Outdoor Bench Seat Cushions, outdoor reticulated foam 50mm - Customer Supplied Fabric",1.0,2500.0,2750.0,0.0,250.0,,,,LAB,,J,LAB,,,0.0,2500.0,0.0,false,,,NSW,Mayfield,2291,,,,,Shop Labour Rate,,,
,50119,Helm/table cover & 5 off hatch covers,1.0,1100.0,1210.0,0.0,110.0,,,,LAB,,J,LAB,,,0.0,1100.0,0.0,false,,,NSW,Belmont ,"",,,,,Shop Labour Rate,,,
,50124,Sunbrella Fabric @ $80pm - original Vinyl Price of $600,1.0,360.0,396.0,0.0,36.0,,,,SUN-HT-150,,S,SUN-HT-150,,,1000000.0,360.0,0.0,false,,,NSW,Fassifern ,2283,,,,,Sunbrella Waterproof Canvas 155cm,Sunbrella,,Nolan Group
,50124,"Recover lounge in sunbrella. in + out collection, colour is ""canvas coal"", with mesh backs on backrests, bases on boards",1.0,6000.0,6600.0,0.0,600.0,,,,LAB,,J,LAB,,,0.0,6000.0,0.0,false,,,NSW,Fassifern ,2283,,,,,Shop Labour Rate,,,
,50124,Table Mattress,1.0,200.0,220.0,0.0,20.0,,,,LAB,,J,LAB,,,2000000.0,200.0,0.0,false,,,NSW,Fassifern ,2283,,,,,Shop Labour Rate,,,
,50126,"Old board dropped off to workshop, replace board with 18mm marine ply. Extra cost if thicker board is required.",1.0,1050.0,1155.0,0.0,105.0,,,,LAB,,J,LAB,,,0.0,1050.0,0.0,false,,,NSW,Wangi,2267,,,,,Shop Labour Rate,,,
,50126,Replacement (reticulated) foam,1.0,340.0,374.0,0.0,34.0,,,,CON-GEN,,W,CON-GEN,,,1000000.0,340.0,0.0,false,,,NSW,Wangi,2267,,,,,"General Consumables - (Template Material, Buckles, Webbing etc)",,,
,50126,Re-trim Rear Bench Seat (new Vinyl & Exisiting Foam),1.0,840.0,924.0,0.0,84.0,,,,LAB,,J,LAB,,,2000000.0,840.0,0.0,false,,,NSW,Wangi,2267,,,,,Shop Labour Rate,,,
,50130,Materials,1.0,1146.0,1260.6,0.0,114.6,,,,CON-GEN,,W,CON-GEN,,,1000000.0,1146.0,0.0,false,,,"",Marmong,"",,,,,"General Consumables - (Template Material, Buckles, Webbing etc)",,,
,50130,Pattern up and make side & aft covers. Replace shock cord buttons to stainless steel,20.0,125.0,2750.0,0.0,250.0,,,,LAB,,J,LAB,,,0.0,2500.0,0.0,false,,,"",Marmong,"",,,,,Shop Labour Rate,,,
,50131,Materials,1.0,845.0,929.5,0.0,84.5,,,,CON-GEN,,W,CON-GEN,,,1000000.0,845.0,0.0,false,,,NSW,Bolton point,2283,,,,,"General Consumables - (Template Material, Buckles, Webbing etc)",,,
,50131,"Rear covers, no clears with 3 zips. Using existing covers as a pattern.",12.0,125.0,1650.0,0.0,150.0,,,,LAB,,J,LAB,,,0.0,1500.0,0.0,false,,,NSW,Bolton point,2283,,,,,Shop Labour Rate,,,
,50135,"Measure, Make and Fit Bimini",1.0,1500.0,1650.0,0.0,150.0,,,,LAB,,J,LAB,,,0.0,1500.0,0.0,false,,,NSW,Quorrbolong,"",,,,,Shop Labour Rate,,,
,50135,Recover Bench Seat,1.0,650.0,715.0,0.0,65.0,,,,LAB,,J,LAB,,,1000000.0,650.0,0.0,false,,,NSW,Quorrbolong,"",,,,,Shop Labour Rate,,,
,50135,"New clears, zip to Bimini front and 2 sides with zips in 2 front corners. 2 smiley zips in front screen",1.0,2030.0,2233.0,0.0,203.0,,,,LAB,,J,LAB,,,2000000.0,2030.0,0.0,false,,,NSW,Quorrbolong,"",,,,,Shop Labour Rate,,,
,50136,3 x Marina Visit Charge (Charged by the Marina),1.0,150.0,165.0,0.0,15.0,,,,CON-GEN,,W,CON-GEN,,,2000000.0,150.0,0.0,false,,,"",Marmong point ,"",,,,,"General Consumables - (Template Material, Buckles, Webbing etc)",,,
,50136,"Measure, make and fit Front & Side Screens + 2x Aft Side Screens and Back Screen.",32.0,125.0,4400.0,0.0,400.0,,,,LAB,,J,LAB,,,0.0,4000.0,0.0,false,,,"",Marmong point ,"",,,,,Shop Labour Rate,,,
,50136,Soltis 92% Block Out Mesh & Sundries,1.0,1476.0,1623.6,30.0,147.6,,,,MESH,,S,MESH,,,1000000.0,1476.0,33.0,false,,,"",Marmong point ,"",,,,,,,,Nolan Group
,50137,Materials,1.0,6400.0,7040.0,0.0,640.0,,,,CON-GEN,,W,CON-GEN,,,1000000.0,6400.0,0.0,false,,,NSW,Marmong point ,"",,,,,"General Consumables - (Template Material, Buckles, Webbing etc)",,,
,50137,"Top made from weatherMAX Greyy, lashed on.  Rear meshes made from solstice 82.  Front clears right around bow & over rails.  Canvas covers same as clears to cover clears.",64.0,125.0,8800.0,0.0,800.0,,,,LAB,,J,LAB,,,0.0,8000.0,0.0,false,,,NSW,Marmong point ,"",,,,,Shop Labour Rate,,,
,50139,"Recover seats/cushions. Excluding v-berth cushions, delete piping. All in white vinyl, centre of backrests in carbon pattern vinyl. Repair foam in rear backrest. Please bring front seat to match colour of white vinyl",1.0,4544.0,4998.4,0.0,454.4,,,,LAB,,J,LAB,,,0.0,4544.0,0.0,false,,,NSW,Kitchener,2325,,,,,Shop Labour Rate,,,
,50142,"WeatherMax & Materials - (Template Material, Buckles, Webbing etc)",1.0,1540.0,1694.0,0.0,154.0,,,,CON-GEN,,W,CON-GEN,,,1000000.0,1540.0,0.0,false,,,NSW,Wellington point,"",,,,,"General Consumables - (Template Material, Buckles, Webbing etc)",,,
,50142,Measure & Supply Deck cover made from weatherMAX. This price is including socks over winches and grinders. Mounting with shock cord and hooks around stanchions.,40.0,125.0,5500.0,10000.0,500.0,200.0,,,LAB,,J,LAB,,,0.0,5000.0,10000.0,false,,,NSW,Wellington point,"",,,,,Shop Labour Rate,,,
,50158,"All over cover, over boom All over cover, over boom fastened with side release buckles under the sail, Down to top lifeline, with shock cord and hooks. Made in grey WeatherMax.",1.0,5290.0,5819.0,0.0,529.0,,,,LAB,,J,LAB,,,0.0,5290.0,0.0,false,,,NSW,Kahibah,2290,,,,,Shop Labour Rate,,,
,50163,"Final payment for quote #50102  - Club Marine claim #N/MC03068 B29 - Belinda & Kale Ward - Reskin Awning & Bimini using Aquatica white hooding, New clears, front screen with 2 roll ups & 2 side clears with roll ups using Regalite sheet clear.",1.0,11660.0,12826.0,0.0,1166.0,,,,LAB,,J,LAB,,,0.0,11660.0,0.0,false,,,NSW,", Sydney",2000,,,,,Shop Labour Rate,,,
,50173,"All discussed clears replaced, dodger, sides and back. Mounting with sail track, some fly screen panels incorporated.",1.0,7500.0,8250.0,0.0,750.0,,,,LAB,,J,LAB,,,0.0,7500.0,0.0,false,,,NSW,Newcastle ,"",,,,,Shop Labour Rate,,,
,50179,50% Remainder -  Helm seat covers x 2 (Back and front 4 covers),1.0,300.0,330.0,0.0,30.0,,,,LAB,,J,LAB,,,1000000.0,300.0,0.0,false,,,NSW,Marmong ,"",,,,,Shop Labour Rate,,,
,50179,50% Remainder -  Window covers front & 2 sides in Solstice 86 black Mesh,1.0,800.0,880.0,0.0,80.0,,,,LAB,,J,LAB,,,2000000.0,800.0,0.0,false,,,NSW,Marmong ,"",,,,,Shop Labour Rate,,,
,50179,"50% Remainder - Front and rear clear with u shape windows, using RollGlass plus. Change fittings on rear rail to accommodate new clear. Remove side clears for new zips. New Helm cover and recover 4 cushions in white vinyl with mesh backs.",1.0,2750.0,3025.0,0.0,275.0,,,,LAB,,J,LAB,,,0.0,2750.0,0.0,false,,,NSW,Marmong ,"",,,,,Shop Labour Rate,,,
,50183,"3 x Tonneaus for Hilux Dual Cab N90 utes with factory headboard. No drill, permanent clamp on, low profile design, customised to fit around racks. Made and fitted, drive away.",1.0,4000.0,4400.0,0.0,400.0,,,,LAB,,J,LAB,,,0.0,4000.0,0.0,false,,,NSW,Cardiff,2285,,,,,Shop Labour Rate,,,
,50187,"Pattern & Make  - WeatherMax ""All Over"" cover, from booms to lifelines, for ""Freyja"" the sailing ketch.",1.0,5290.0,5819.0,0.0,529.0,,,,LAB,,J,LAB,,,0.0,5290.0,0.0,false,,,NSW,Newcastle ,2300,,,,,Shop Labour Rate,,,
,50189,"Replace all backing foam and secure all loose/hanging vinyl in forward cabin and cockpit, clean vinyl from previous repairs (if possible)",32.0,125.0,4400.0,0.0,400.0,,,,LAB,,J,LAB,,,0.0,4000.0,0.0,false,,,NSW,Wangi Wangi,2267,,,,,Shop Labour Rate,,,
,50189,Foam & General Consumables approx 5m of 6mm / 12mm backed foam,1.0,110.0,121.0,0.0,11.0,,,,CON-GEN,,W,CON-GEN,,,1000000.0,110.0,0.0,false,,,NSW,Wangi Wangi,2267,,,,,"General Consumables - (Template Material, Buckles, Webbing etc)",,,
,50199,"Hot Head Flybridge Clears, design, measure, make and fit. - Please see notes for details.",1.0,11300.0,12430.0,0.0,1130.0,,,,LAB,,J,LAB,,,0.0,11300.0,0.0,false,,,NSW,Glenmore Park ,"",,,,,Shop Labour Rate,,,
,50200,Measure make and fit boom bag for North shore 31. Made with sunbrella canvas,1.0,2795.0,3074.5,0.0,279.5,,,,LAB,,J,LAB,,,0.0,2795.0,0.0,false,,,"","","",,,,,Shop Labour Rate,,,
,50205,"Boom tent, fastened to boom with centre mount track and bolt rope (see details in notes).",1.0,4540.0,4994.0,0.0,454.0,,,,LAB,,J,LAB,,,0.0,4540.0,0.0,false,,,NSW,Bellevue Hill ,2023,,,,,Shop Labour Rate,,,
,50206,New side clears made from Regalight sheet clear  2 sheets required.To fit on the outside using existing track & stayput fittings.,1.0,2490.0,2739.0,0.0,249.0,,,,LAB,,J,LAB,,,1000000.0,2490.0,0.0,false,,,NSW,Kirribilli,2061,,,,,Shop Labour Rate,,,
,50206,Fit existing mesh sides on inside with 3 piece track at the top and press studs bottom and sides.,1.0,560.0,616.0,0.0,56.0,,,,LAB,,J,LAB,,,0.0,560.0,0.0,false,,,NSW,Kirribilli,2061,,,,,Shop Labour Rate,,,
,50206,Flybridge Cover modifications as discussed over email and confirmed via telephone 27/07/26,1.0,2500.0,2750.0,0.0,250.0,,,,LAB,,J,LAB,,,2000000.0,2500.0,0.0,false,,,NSW,Kirribilli,2061,,,,,Shop Labour Rate,,,
,50218,3 bow bimini made from stainless steel. Cover made from marine canvas. Fitted to boat. Need to confirm Colour of canvas.,1.0,3700.0,4070.0,0.0,370.0,,,,LAB,,J,LAB,,,0.0,3700.0,0.0,,,,NSW,Kilaben Bay,2283,,,,,Shop Labour Rate,,,
